Protein_ID,Group_A_1,Group_A_2,Group_A_3,Group_B_1,Group_B_2,Group_B_3,Group_C_1,Group_C_2,Group_C_3,Group_D_1,Group_D_2,Group_D_3
Q16881,2818908.689,2185939.71,2454844.628,2346120.937,2144747.227,2853536.832,2018971.744,2103552.934,2368856.708,1669066.632,2118495.756,1896416.672
Q9HAI6,52764538.58,53603498.36,69692542.41,196020659.5,281646010.5,292954678.3,94894326.74,85001150.65,76079342.32,67518585.58,79367940.59,
P48544,18786612.1,,27679256.23,27165077.95,23208810.47,30644994.15,24135115.47,24828261.01,,,16800765.43,32484135.76
Q8IZ73,,,57302445.02,24970774,34325423.85,62657192.32,36799434.3,31590209.37,78898452.06,46202903.32,40807168.49,26905611.46
Q9P203,89334982.39,48924544.88,72341726.48,77492351.04,104146591.4,71909347.24,,102517704.7,90851296.66,75020559.31,84358176.48,90759542.96
P41732,13176871.16,12716872.45,15620306.35,18121498.28,14078994.08,17935938.33,14117667.59,,,10216978.96,25347744.72,24766154.53
O75164,90116978.26,126692108.2,165135777.7,76117949.36,142206619.3,87136652.04,136223989.9,112203084.7,113983716.1,,117551322,158948137.6
P43080,632980.169,1146490.912,968825.009,817452.435,524747.392,1392901.487,739135.728,1402240.78,605999.613,1121547.266,1189301.764,1195403.138
Q96QG7,,9991948.391,,7449995.765,14440454.16,13404623.38,9303767.219,10933862.88,11166642.63,6012621.966,,9447978.722
P23471,47009499.52,,48167274.16,64450959.65,59079164.17,49856330.83,39056322.61,59415705.84,62175367.56,,70328256.94,61459772.5
Q9Y577,25664164.18,21157323.23,31125868.92,,24800044.37,30061617.34,88488153.18,58036649.34,,19473269.45,25480999.35,25923774.33
P09693,78004040.24,73829574.81,82926523.47,77553085.44,90720073.47,84194940.21,55745071.6,61039375.03,68304237.65,60525437.82,84999664.06,99050177.59
A6NFA0,41373348.76,26690944.75,15812994.65,24108843.11,26098909.75,29915312.36,34249909.29,32965010.55,49874186.19,,64052670.98,113526711.3
P54826,8482742.392,13550744.6,17269155.29,21052270.9,29896751.7,,14433050.8,12627194.37,11267532.73,,11965162.07,14780760.18
B2RXH8,69240564.83,84636708.49,,109982424.4,57049658.02,67029862.1,88316732.86,,46726474.68,78821975.46,96602679.44,84071163.22
A0A1B0GTL2,28342477.25,,23598734.48,15785593.2,24014416.35,,9130934.503,6886825.196,11322518.6,20453772.39,,25517553.63
Q9BZE4,3708293.766,6647358.757,17057584.59,4905188.149,5446397.662,6195254.887,4526958.997,8772234.786,4000524.336,5788120.389,6080775.308,7642670.917
Q5SZD4,44346140.59,21435290.25,,26214839.15,36204328.31,24187986.57,28155710.13,30981697.54,35518955.35,12995555.77,20318776.48,12862136.28
O95397,20241697.77,37930351.58,37788604.34,20564817.88,44389345.92,41045764.77,41104566.32,40504494.06,25973525.48,32973821.87,,
Q9NNZ6,125201007.3,,176166620.1,,178696551.1,134201403.5,165634446.2,137425617.5,156145627.8,148803441.1,152091446.8,226266074.8
Q16891,3825162.241,6712487.727,6443994.57,2976079.057,4251253.049,4398918.757,4026776.419,7598205.828,5458655.901,4297838.696,3319884.354,6552789.603
Q902F8,17256437.19,13152152.47,24565580.62,21265849.41,16856782.25,,19666878.77,17905269.54,35357032.39,13991173.76,19428196.94,23725669.59
Q9UFW8,128009565.6,55562286.65,115817931.7,62266648.6,57159316.88,69507493.2,46392961.64,64855501.89,76693937.3,71578843.37,46561970.42,71536658.74
Q6IN84,6185305.71,4313482.119,8718764.69,6974924.84,,7791886.943,5205987.517,6305029.226,6405129.236,8754878.748,7109921.263,7019299.87
P0DO92,4461397.243,7090331.786,8250908.541,2895214.797,3573420.699,5573558.724,,6680280.927,4342973.114,5311908.133,6237133.785,3498246.385
Q8N104,182413690.7,135079396.5,98884247.52,,106336894.9,,145162810.9,144390988.8,157053727.7,156546696.6,108832236.4,173749475.5
P23508,329307984.7,243576537.1,278100251.1,579334791.6,459944752.7,276999979.6,420128845.1,364892999.6,310076218.6,228868055.6,359312107.3,356882672.8
O00180,,55318502.62,65290486.97,35820168.78,77413321.21,48741638.15,96020770.7,87882451.28,111224150.5,67731623.43,44129316.65,49162055.2
P35504,,69917268.14,74293949.72,67633546.25,92134685.07,88871405.88,78695392.82,123418309,76136335.94,123667600.8,78401407.57,75837151.94
Q13239,14100835.92,13058562.29,15625231.11,11209182.13,11196251.45,13731371.84,12019224.58,13066967.84,,11150072.76,,8896300.432
Q9H3S5,207499476,177075242.6,224080978.5,240241267.6,224289584.5,250199540.5,273123301.4,298249039.5,395809095.2,175041126,207785879.8,218924771.9
Q8NGK4,43619689.68,46340346.55,60182635.16,62327901.71,53626452.83,50714419.63,59986867.03,47331511.61,60222015.99,43783739.31,41158888.69,47973579.36
Q86YJ5,136511198,108020150,198758242.7,160998846.3,140356911.2,143261424.7,,104393721.2,135439506.2,107095968.7,85619074.77,112212387
Q96A25,11762679.99,10162614.04,8002343.922,11776188.46,12994333.53,12940259.16,9752978.973,8434774.585,16138376.43,,4074119.553,8615955.556
P80370,227732762.7,83003826.63,112300342.6,128675543,168760664.3,141892803.9,188624081.1,65407804.47,162394644.6,109003497.2,118071546.9,171946071.8
O75439,241601179.6,209875318,221528891.5,255912891.2,298844817.1,224175229.1,134329030.2,165883155.8,187677011.5,219099066.1,260426798.4,
Q96I15,23629636.14,,31535784.83,30046934.44,25130208.96,31324686.95,32346453.53,20944699.27,34495894.46,17117866.06,24874264.77,20942441.12
Q5T0N1,1185666.745,1518897.512,,1223420.169,1919712.31,,1556973.021,1393514.395,2431676.004,1592404.07,945909.377,1334166.267
Q9UKK6,,15570075,13804260.27,8649852.762,14317019.4,15252398.67,8228005.518,,,,10661263.2,16659101.81
P24386,24626367.01,19322928.94,,5926218.848,8812740.285,9170745.017,15363886.96,19415844.16,25555025.76,20381371.32,24523161.07,22494109.78
Q9UMS5,25733821.08,24528347.21,24015561.29,,29427231.25,42088926.5,,29858609.36,29361715.26,27779785.86,,28758565.96
P55291,3456684.387,4472098.731,4225043.963,2828376.317,5037377.316,3617592.438,3234211.798,3417615.243,3365717.096,5327404.392,,7309179.6
A0A0U1RRA0,,103384307.2,150499750.2,147862223.3,191726979.8,213928174,142190073.8,156864302.9,180138430.5,169494493.5,188508419.6,204058892.2
Q99456,12351859.77,15783411.04,,12208644.94,14320978.5,15642724.44,13534992.07,16131222.1,16514089.12,19580356.88,11691243.27,
Q9UFB7,196085841.4,204340919.7,,85412145.59,,172997809,196645141.6,166281119.6,157676298.6,112139332,179555824.1,148533233.2
O75473,106377998.4,113746245.4,178941789.8,126579504.3,141722666,114637899,108466851.3,118777964.1,164096858.6,119555772.2,137593484.8,124473562.4
Q6PIY5,2533800.732,3926014.1,4304708.527,,3247273.484,3431304.671,,4798467.282,3611539.488,2534011.275,3489802.997,3264259.738
Q00765,26808001.01,25688977.79,21309699.43,30150354.02,,30357894.63,23201851.04,,28910571.97,26671387.85,29258950.77,21609475.2
Q96NN9,18449985.03,16513774.19,,17353213.11,19018999.39,16947343.87,15248077.78,20329539.36,28479729.41,,19055624.27,16232177.16
Q9Y508,215985045.1,296059270.1,249381689.1,237636696.6,201588767.9,248738842.1,162412095.3,158512324.1,132688553.8,152562980.6,172713272,183921984.2
Q96N96,545736490.8,543868456.1,694677637.9,587556112,512433833.7,733586265.2,605083518.3,,563873651,524526084.1,716457796,472714889.3
P14061,6889267.441,,9673602.157,6093997.846,7506065.128,9389720.261,7708644.238,8341830.01,8536814.622,6915565.443,6759649.168,9144491.124
A5PLN7,53370856.13,66972703.53,85153276.33,66549899.45,,126005410.5,,79146845.05,107467639.1,,72691088.65,122857444.2
Q96E14,10991029.05,7888057.439,13866512.25,8320991.44,,11325617.84,11298754.88,10711768.56,11419725.09,3288968.803,,3492874.903
Q6L8G8,19910487.03,21160491.49,27622088.54,23273498.94,20728067.32,,,24736818.91,19002498.54,30791442.8,,15863615.44
Q8IWB9,69621572.1,56661481.27,61396178.57,90282432.17,86635153.02,91198112.7,187564685.2,203842446.5,168965363.2,102372306.8,56559820.93,74853278.63
O95863,27342011.73,34338362.94,,34931592.56,,38200066.79,26897753.01,26201400.92,27525990.32,9216042.564,16328762.19,11729139.27
Q3SY84,142760176.9,172660542.4,172257505,118767363.5,,141056500.7,123602980.4,163620565.4,138156521.2,146019404.4,120815560.2,135300123.7
Q7Z713,,7612638.674,9792354.912,6591554.081,6810130.003,6283773.305,9147161.945,6674541.76,7870816.822,6079442.596,5189245.034,7108984.517
P12318,48852354.94,58377785.09,38418832.59,40154874.61,65629991.22,51526549.48,45925372.55,42905968.94,57373384.75,47345309.88,46378595.51,59438996.82
Q9UPY3,11249953.28,14214832.12,17625337.3,16156931.31,22396543.45,13842067.99,11437382.38,16846035.21,14630642.44,7877751.901,9948815.547,9100074.789
Q9UGI8,34758834.21,35630609.42,38511461,34853560.87,34501240.31,46399738.19,37861042.5,35382043.29,26726169.25,32587033.49,34634405.89,45520228.41
A0A0C4DH26,1171368.05,842626.592,892019.134,,634340.636,1022893.116,664725.328,853883.409,831588.108,754118.198,,
P16403,23090439.41,15310337.03,19889311.7,12966411.38,22306791.05,23364432.28,18625556.55,22143936.53,20631127.37,6657402.109,11482700.42,6081772.166
Q5JRK9,24685787.92,21475931.05,21402174.6,,31312470.28,26692878.56,35150482.55,52148055.47,28397640.57,22619616.12,40293039.95,21470435.71
P07148,45066740.31,57714185.8,,,,48761436.92,36292698.75,,55910463.28,45185519.95,36104575.65,49952922.36
P19971,66891600.95,44580844.81,67616131.86,43420630.95,71129161.28,59555221.74,51490200.47,49787224.09,45857055.27,39213993.66,61259213.44,74279266.52
Q8NHG7,27276649.39,24973866.46,28166754.17,23215581.83,30007807.46,,27191452.06,13561355.65,29692472.32,30545699.79,20993337.22,32195277.06
Q9UNN8,11785606.53,15225080.98,19093251.65,14603036.24,11550853.29,20237596.97,28350392.93,29832724.67,27450595.99,15053362.21,14087942.3,14360064.3
Q14202,1624458.3,1484969.058,1323673.078,1417216.912,1577668.578,1357254.776,1301134.668,2021712.477,1799152.399,2604353.937,4552933.956,3351207.064
P46379,67435815.9,74423400.33,94576226.06,105951320.4,75113621.62,74242171.14,63432763.06,,119684357.4,218445376.6,396005312.8,300067262.1
P46091,3496464.512,4497896.171,6407676.93,4418873.224,5805952.599,5722678.935,5133095.85,5179431.526,6721164.367,5253711.378,4557791.845,6904948.169
Q76G19,140600411.7,155587154,131672604.6,226916404.3,,154714481.1,108618111.2,171428212.8,200908111,107863072.7,288109819.5,
O43913,174724288.5,157381951.5,206457309,215127703.1,146133652.8,286776938.4,201485480.8,,239092361,512417375.1,576199373.4,405186722.5
Q14978,16949108.18,,26785821.93,,25008012.17,,21112767.67,11813712,17852114.88,16162518.13,10863043.93,17026044.43
Q9NRJ4,25421425.16,18781412.17,27620978.92,32756773.77,34063203.72,23142311.29,19660813.78,25158380.25,41709049.3,14050250.42,27362790.32,23167858.38
Q9H6B4,16961605.01,18080229.8,22402636.81,16296255.46,16237468.22,19694783.14,16477338.54,25051244.12,25966280.05,15345799.66,,27835903.68
Q9BWQ8,,44267131.67,44700390.41,44924481.9,37870182.47,51427193.1,32580183.3,27884435.82,55402262.98,37815226.67,40112088.27,38164595.51
Q9BXJ4,34105303.11,19398334.13,25035418.44,,29697739.94,25656218.69,5689485.449,9161857.329,5897910.11,,20100689.23,23793513.72
Q9NX00,45236545.6,73164218.38,72895088.3,87139449.74,70566985.35,62860909.09,48465510.7,73529346.23,85386697.02,48343481.95,100633800.4,105306068.9
P28069,117676281,122291670.6,177645183.2,93642255.82,,149717716.7,124883932.4,122824701.6,131958773.6,107304521.5,101466598,88977801.44
Q86TZ1,82227357.36,92135994.9,85900138.79,74852581.06,93118528.23,94220005.74,86171865.4,84264556.32,79509979,72223067.43,,105467539.6
Q7Z401,72428008.39,90596001.35,32821541.68,,25463133.33,52807785.13,48308089.87,51669704.8,71755238.87,49140304.01,,47003329.88
Q6IN97,,8670094.587,12581081.5,9603998.733,6581277.143,13598555.52,10502703.88,12303906.59,11914994.17,,10852566.81,11278656.39
Q9H4Z2,5126380.074,5247491.205,5949346.843,3383780.301,4894410.436,4762163.915,4320157.287,6632936.97,,1375406.432,1387985.56,2489439.922
A0A8I5KY20,58774745.26,66510575.93,68948603,134775145.7,184088479.4,125560840.1,47016192.77,80613160.32,92090823.59,58341622.9,,41769729.6
P46100,22601654.31,23123620.5,29491925.35,11313144.75,15714573.8,16783497.98,,52788006.41,31239074.89,55185680.63,44527999.9,
Q9NPG8,,45634155.59,48280128.14,,42645716.54,48555488,43892387.25,34847920.81,66545649.32,14394334.91,23143494.67,25318908.42
Q93015,6365071.437,5779374.247,7545442.657,16808387.4,16375679.87,19280098.78,6162133.104,7961777.978,9450705.681,5995626.96,6173855.352,7223347.213
P24593,5654588.94,3388950.629,5563963.739,15463831.77,15155619.23,12618023.34,,3920541.581,4721969.837,2958997.763,,4090590.457
Q9HBY0,6245745.879,6808805.864,8163011.803,5258548.009,6290923.056,8133534.984,,9026492.92,5414692.875,3546943.218,4379845.915,2882585.016
O95466,15839749.4,,16336111.96,15501286.77,16226658.22,15310410.33,13650096.36,13911932.2,20215174.48,11891166.41,13940682.78,14741882.45
Q15111,129601168.1,97437874.95,177570719.4,101698596.1,155301842,161352576.2,176091215.7,118836309.6,162521035.7,133824265.6,120236532.3,192484441.2
Q14CS0,,,503323919.2,351836411,293524079.6,470002665.8,,319700634.4,439579175.1,979577686.1,886835123.2,
Q8WVZ1,8841090.711,9696289.389,13466572.81,6754376.914,8251750.961,7320948.807,40101554.74,22555511.46,32041274.15,7945467.265,9869644.952,11463448.73
Q96FH0,674637.064,983789.549,1283551.664,1189778.748,1146091.668,859958.633,1378959.118,591816.022,1695276.869,1042939.036,1991629.146,1144590.605
Q8N9V7,7647574.601,12282313.55,14647732.67,3978195.988,,5294564.051,13785191.37,12359448.31,15815912.7,10193334.97,,13094432.98
Q9UMX1,6083348.263,7135686.252,10532804.2,4154061.691,4031912.066,4073231.449,3036810.584,2989254.927,3780591.724,6538031.319,7748296.669,8628070.062
Q9P015,31785417.3,29821210.17,,31358205.2,31945899.03,31543014.4,40529380.98,33658038.26,41030957.05,20875401.86,30324109.79,36956788.54
Q9BYE9,87876532.12,104376057.6,93165886.12,91614382,91383334.27,97396460.93,78156132.57,104208950.7,112646651.4,92586198.18,85235771.48,80744494.96
Q9BUL9,,42267260.36,47475502.8,16867166.11,19473310.5,16695353.22,,28960333.75,73187817.83,,57784270.17,47775179.33
Q5VT40,,117830847.6,80124913.76,98074210.16,98640563.38,134399701.2,,104091827.9,89461696.38,87798756.87,71775722.86,116396408.7
A0A1B0GTK5,104235225.7,134656487.4,112013621.3,97072201.26,,166684219.8,106192544.5,99778461.33,110157895.2,134390957.4,112157901.5,112152680.1
Q8NG98,,13608222.81,,9128301.876,20981529.26,15643627.08,7120129.357,11915072.38,17169219.15,8432317.136,11875412.66,
P28039,80559627.62,75312644.14,94768400.65,86320398.24,84506115.87,84275856.93,70492189.87,,99965535.56,82749394.16,64604933.57,60621739.02
Q86T03,12820110.85,13156497.63,17626127.72,14371939.45,,14847329.65,29729629.93,28719661.9,36002984.74,13083110.71,15427556.39,15901500.4
P30049,21145099.58,27258216.58,40186843.12,22978494.26,17403485.2,28228544.41,20173020.01,34907194.26,30206154.11,,23310445.54,37075895.27
Q16690,26876598.06,66675807.37,52291445.7,,130574907.5,79977970.57,42745523.85,48497717.26,41306209.73,37403421.39,44636787.64,85570920.46
P0DP75,,201158795.6,254032498.3,159210308.5,224748999.1,247386150.3,229254439.8,235060817.4,,193064634.3,136063545.4,261126496.9
Q9BWD1,48170345.41,,77781001.74,52172666.22,75742028.84,94029912.29,76005286.68,48232162.08,73986839.48,,47698567.1,89613698.32
Q92839,61715993.85,65625707.29,55704337.2,95422285,,69558772.27,69352250.24,,196068275.2,83538428.05,50502388.3,78948735.47
Q8N1P7,,3390595011,,2544664708,4432319234,,,3976629381,,,3193295503,4098218292
P17039,398372627.7,368452663.7,505275736.4,551932960.9,447873687.1,,1188602439,1257999188,1225306883,413252870.9,496642506.9,
Q9NQX6,152246217.5,126920761.8,144104374,50610196.16,72828283.97,60085168.27,145667584.1,219257710.5,,157841004,143872425.2,158432985.8
P49792,12804205.65,16462832.82,26596274.88,22860945.63,27890558.5,,20461793.45,19818821.12,30554084.18,24508930.62,31602345.78,22141759.83
Q6UWZ7,68617751.62,,80354924.86,30734742.56,43998909.82,41025134.47,75328075.35,59597933.41,72412518.78,,60439729.65,69564528.17
Q9ULV3,74723319.22,80492428.89,,131608710.5,128920732.7,139271504.5,82369990.37,96299601.26,115341130.3,119468645.8,,126605732.4
Q9UHF1,26281203.49,26629439.09,29237075.93,18618743.14,19506061.93,27058492.41,24630255.68,25137209.01,24345747.14,21129891.46,27120339.57,36549296.02
P50120,42335487.98,48340700.31,44549156.17,37297613.78,41996506.72,60046992.02,60972384.87,44351091.94,44450408.66,,,45372468.67
P36575,39453322.68,56971033.98,69201512.8,40246698.44,,63589712.24,49224291.5,48535194.16,51634005.1,60930457.28,,63117031.63
Q3ZCT1,26700875.97,19274176.57,21417178.68,24910899.86,,25506201.75,19680163.47,28797722.94,28731747.12,17436321,23764557.01,25977877.2
P59768,213976570.3,124923803,162287334.4,187174006.5,150582133.3,315879722.2,190105221,194732551.9,259425759,167242936.9,122146714.2,165012085.6
Q96CS7,35666736.28,50472941,61729241.71,,56479225.11,,36875545.94,,83352910.47,36206117.05,83721416.26,72288057.51
P21941,148069381.6,164269943.1,250096720,909904480,619017621.7,527306372.4,182519272.4,233432591.2,193821571.9,218850185.5,195442753.8,233862934.3
Q8IXS2,113058159.7,72887194.41,140994807.8,147482016.7,,140350483.8,,77521397.07,120851618.7,108798898.3,,168169291.7
P06310,20921737.31,22235227.82,23181093.5,67079511.81,41333149.4,63315633.16,11648680.46,13174158.66,11796209.66,,,31209057.32
Q9NQ60,12336444.11,12426022.21,10302579.73,,11012055.91,12957257.8,12092858.7,14306723.12,15278031.02,8560174.903,7029343.734,13622123.79
Q6NUN9,7871244.35,8347055.085,10558035.67,8285043.401,7289202.743,10494694.63,8690636.049,9743528.742,8491690.13,3941154.981,5314837.943,5262755.754
P62324,48186441.3,56981600.39,53005873.12,42691054,52367547.1,56436157.82,48081318.28,34761994.31,57147072.49,36155216.18,46819243.2,51639460.71
Q12955,63449747.41,64654674.55,83883471.25,77282216.55,102758018.5,67694775.43,57272192.01,78871999.78,74132289.16,71304919.9,83057639.36,90258922.4
Q00341,91566400.04,93584126.45,98550727.97,,105300444.6,133073114.1,260079629.4,152063404.6,,107727563.9,81906340.01,76455309.15
Q96BZ8,9517276.245,,15325124.35,19165498.67,,25675073.97,10031674.99,9847590.687,11359553.91,4832832.164,6897026.899,4123749.127
P0CI26,89637738.08,145425473.5,126457324.9,328339748.5,139894566.9,,186625858.5,207281847,477765647.7,143614991,93525746.3,114190059.5
Q9UEU0,11840974.48,15692608.33,18403485.9,16402218.51,18565137.97,17659679.7,18428103.29,17983260.05,19913015.97,14333692.26,16362772.36,
Q9NPH9,54018734.77,65134711.36,55581787.39,,70247202.15,53212350.59,54744242.58,90036777.74,,,13931305.55,16455442.8
Q9Y3F4,11800786.94,11629673.6,14450141.05,9616381.825,8220797.177,13284301.75,11086001.06,8749326.55,10884285.14,10043474.03,11695247.24,11661971.55
Q9NS82,165885454.5,,243239933.5,77333155.31,77865439.84,128134738.8,332283886.5,190629040.3,,169398683.4,158176899.7,189866407.4
P01178,,8588295.6,9330655.365,5474102.756,9715160.583,8586665.879,8281645.837,6248594.899,7735725.244,7324261.244,7958327.021,9377397.103
Q15642,57834566.88,63712225.66,,73016537.35,108006656.4,71585038.56,60127939.26,96782345.08,80439439.27,66435182.13,57870901.63,65332172.16
Q9H981,120547141.3,141755126.7,89787930.77,57933614.95,141959406.6,,120741224.7,134826371.8,105110852.1,64538006.58,,90936183.36
Q13387,325467322.6,223391854.3,261628347,,178170264.1,,,202378467.9,,265599056.9,291372663.5,208238918.2
Q1L6U9,1387753903,1314780414,1058569808,962118327,1190558462,1573819566,1626289166,1597715227,1378841136,,1246504402,1777565869
A0A075B6U4,766051.722,744068.713,718153.183,753327.652,772185.689,996614.664,764450.305,545355.848,846709.731,,893153.043,731979.279
O95968,381651726.6,498971472.3,718413390.5,358624729.5,,775211270.7,261910999.7,363959662.9,493407182.1,285945962,322318552.6,304550558
Q8N6V4,7099141.382,,6276031.554,11737217.62,5084935.595,10840981.74,19953816.58,13948848.15,18084710.25,5454976.63,6837702.645,9744578.636
Q9UF56,14097870.02,14586764.17,14555714.03,19848475.99,13835179.75,,11648512.16,10402463.4,13416241.74,7571838.057,7302995.999,8564558.518
Q6ZVX9,6420908.447,6126172.576,6740474.495,5680565.895,6597801.623,,13268476.71,12823188.71,18961107.7,6881606.739,9064503.469,5729600.224
Q9UGL1,34265517.43,50281142.34,38000234.91,31441859.14,41433595.39,46121391.25,41504641.77,54348197.43,41304055.51,42111147.07,35828314.59,28806050.43
Q01995,8547608.516,8648607.789,10120322.36,7232305.725,,9233790.201,3766353.144,5587406.915,6017233.786,8996066.568,9275781.446,13156380.6
P0DUD4,6506072.034,4871838.675,8253747.254,5757061.669,7842664.954,6109212.015,,5506941.082,6387142.193,2004991.603,3374935.286,3697355.624
Q7Z4L9,37634107.86,51239932.53,68856978.22,35868343.86,,58830531.7,34058133.53,44322254.49,43514123.17,48393215.92,44706869.72,40545958.83
Q13642,,755946397.6,957405227.9,779026725.6,998767599.2,1689985347,709854456.6,1670000743,1005961519,985789551.3,913964463,727495382.7
P0DP24,62027954.2,100309398.4,79341058.43,91061904.62,81654585.05,108550569.5,97807783.83,75081256.51,93568798.06,79138715.13,88431411.19,74589386.75
O00512,13594688.49,16344935.02,17788435.99,11993225.41,17625516.35,19773207.57,23048459.52,18136543.03,16655894.21,14871144.3,13416167.91,17799637.19
Q9BXF3,846910.078,873396.066,818450.524,780250.557,815904.218,987167.481,707356.187,785355.459,1021497.952,728537.791,835374.903,
Q8N0W7,41481267.77,44395752.97,40571135.99,37263591.92,35501745.31,45349076.83,45551457.56,57836368.75,43362565.36,32830985.05,40233651.96,46363409.83
Q9H939,404496537.7,301618809.8,403220198.4,360315306.3,509570564,,349753789.8,,369979029.2,,362458619.8,537030935.3
A0A0A0MT76,33101860.61,47066048.12,33991035.09,,29788143.82,36935536.93,31872523.73,34387267.85,41073690.43,34091231.53,32813620.62,
Q8TDX5,8695474.506,7938354.19,9795520.91,13942009.2,11320592.91,,9417408.021,7791512.188,12162716.13,,16480933.87,
Q8N3Z0,,664838534.1,563232253.3,526625649.7,892439651.2,676141011.6,183612896.4,,369884927.1,552273505.2,821362300,805958860.4
Q03013,134118232.4,175937411,189320166.4,,216309189.1,131024461.9,,198285397.2,257865621.2,97784374.33,164437447,203576317.5
Q9Y2X9,29933856.8,53484376.86,48656971.85,33696541.78,49176907.92,47954096.71,41367819.85,46289510.13,46714112.06,48937257.25,47458279.58,52709868.33
P43627,94122982.41,108903767.4,173066679.3,135470837.3,140239860,138569793.9,87672638.96,113755442.4,127930296.8,77842969.39,201303329.7,202658238.2
Q9UI14,7001669.079,,9166046.003,8422853.479,8946903.169,16754891.53,8325464.952,10582745.58,8790671.785,13400082.06,11909141.18,11277233.16
A0A075B6I7,6778788.163,,,7789751.231,8563533.193,6004778.28,8413250.786,7495380.421,9910473.207,,7929118.485,6507580.455
O75508,15624077.79,16916847.04,21434568.94,15727307.05,11910133.88,18564515.12,14396450.52,16436594.82,20601626.07,14406678.48,10947364.51,13861526.18
A8K7I4,137881996.7,125424186.2,160252690.9,130461419.4,154437431,156995208.6,46259971.13,83899211.26,50863606.74,120902720,,160822498.1
Q9UBQ6,,,15887007.52,13876275.67,,13801964.87,9780687.136,13546724.9,15676599.09,12860394.94,,18040850.72
Q8WWN8,46765401.33,59081961.4,119598166,60476492.81,68300341.19,67445225.71,74718093.73,,64937740.17,30944663.44,42007487.5,42559680.71
Q9Y697,306104209.1,363286682.1,411239978.2,346903308.9,314476646.6,,270640090.1,314735211,422143991.5,297130333.4,244301285.5,299696359.6
Q13867,71525432.46,101950244.3,90339536.18,92905849.84,113352155.5,89020709.53,82405912.6,91813008.73,120600306.3,74919730.27,86196372.49,89010459.96
P52742,397519788.1,677955453.8,,377113836.8,,393037567.5,640279545.1,654710828.7,389544103.2,676559611.7,277627180.1,465385505.8
Q13522,,124648825.6,100949666.8,60429046.51,73729150.43,76519343.82,62618148.81,97728131.33,78936960.92,70634879.92,74699467.9,85922873.2
Q9Y5F6,84189144.43,81703814.44,,76147470.34,71452429.27,116494167.4,66556752.81,95962817.41,111377333.9,68049288.67,75107319.82,
P81133,49366570.32,86923336.6,,21715976.2,46072925.97,84342150.98,33552299.96,29326124.76,39305748.88,39058000.88,33330706.5,50665957.99
Q53H64,3099147.057,,3684892.308,4329380.262,2962909.755,3868395.68,6790032.038,8743622.048,,2822569.092,,4587807.378
Q9BZR9,9790245.278,16386455.77,19124460.62,10776302.16,14746706.02,12600926.36,11294120.99,9128718.213,18307384.35,11071568.9,16587663.15,
Q96RP8,2952774.427,2719592.067,2696960.663,2157543.922,3386222.685,2179812.387,3379529.738,2666729.45,2787225.396,2640768.908,2639436.121,3351141.234
P51991,11821657.74,15878074.11,8252019.221,14259291.05,13726540.98,8089997.175,,18417927.79,7728548.711,,16517243.94,16776864.51
Q9Y535,3862706.647,3546069.256,6057738.712,2874574.048,4844009.627,4819172.47,3354599.728,3448366.995,,2070877.974,4960602.783,3559414.185
Q9NS23,47615900.26,,66270140.45,53085181.2,,67996492.23,50112763.84,71502519.76,73517066.8,,64657987.68,76025948.03
Q9BXJ9,52410789.61,65187112.97,73789062.45,53093175.63,68931827.67,47246380.47,222050859.9,175806385.1,167931666.5,46579062.05,52742226.12,89121248.25
Q92482,1540029.491,2600827.779,2484334.062,582158.46,798375.233,779832.689,2193299.251,2875533.857,2398242.514,3124693.338,1849168.848,2120540.334
Q8WV37,307542977.2,249082172.4,,140658576.8,123899541.6,161858029.3,266373560.5,274007022.9,403952048.5,234235430.8,396675267,352696681.4
Q16799,156731395.6,188190786.8,139861867.3,167917012.1,150151442.9,167815128.7,177841608,176248780.4,141471357.9,158626947.2,215210092.8,184198510.5
Q96GX1,,56301557.66,,,81255487.61,46717046.02,64311825.01,80904632.29,65112572.81,55401855.86,74442692.42,56793892.37
P36544,8154377.578,,8373361.202,8493397.678,11728384.14,10033613.35,7511441.938,7174676.222,,7650491.053,6370948.374,8083288.237
Q52M58,134049177.5,119408474.1,141087450.1,109086035.8,147553924.2,159729907.2,122644891,158440603.5,115986701.9,105736390.4,129502081.9,111489229.7
Q9H8S9,382367524.4,261357465.8,369671730.7,324275270.5,,285174788.6,274091139.7,362130003.1,354882174.5,263557521,217666336.7,259865216
Q6P4I2,10872683.97,11177515.72,14900379.6,11291289.34,7639074.204,16029471.12,11504165.49,,9754007.851,13365805.55,12064861.18,17284558.08
Q8NGK9,64498223.5,76045046.18,69786802.08,56827005.66,62033907.87,110062273.8,,74292208.93,59856271.83,77301807.85,88445918.91,85385165.66
A0A494C1I1,686880684.5,612227186.9,,536010106.1,577923557.9,478500562.5,189453883,238762540,228012839.3,492129413.5,480487691.4,433644167.4
Q9BQL6,92881477.46,137263399.8,103171191.3,78652283.79,100649120.4,119143401.2,62164786.82,54280160.47,86132932.15,332794565.2,202606416.9,299334711.4
P48507,105076269.9,59358921.99,57871630.68,61545275.15,59773162.44,,39123919.04,59414145.23,72826309.79,71038713.3,73671091.49,
Q8IWZ8,38377912.16,,55978556.7,27727577.46,38444851.77,29939936.88,44088244.06,36717567.31,,30142088.09,,39762394.8
A3QJZ7,19211278.55,21445985.28,20084044.69,20825672.74,14415693,16111259.95,12204596.06,20936568.18,23366638.02,13392823.21,17957703.71,16677403.98
O15031,97819200.23,78188104.7,91471233.88,98401876.36,69980248.04,,37665550.13,37488553.98,,78242291.86,82784490.49,111433845.2
Q8N7M2,1147098789,,2002349219,799878082.5,1189312411,1243676571,2461974551,2485935343,3260863478,720113277.8,1044766249,1144103857
P37268,21930927.45,20676450.81,26226521.15,26098741.28,29108818.26,30842447.43,18196902.77,,23813220.86,25711465.29,25149135.68,
O43915,14638542.28,,19414952.18,10946168.22,15132615.22,12169160.11,13384351.01,18429094.74,21109120.98,14393615,13842468.87,9860223.253
Q9UFH2,2211295.154,2249099.869,2059719.66,1744632.971,2363929.896,2359907.236,3505322.495,4685215.747,,1738507.644,2156364.149,2399881.059
Q9H171,12121623.78,16716969.48,14989506.78,,14848292.72,15539967.38,,15021681.52,14025515.46,11777136.33,,9548303.043
Q9UM01,25156590.2,23353083.43,27838292.12,22293411.26,22379892.71,26226329.15,20626974.13,32617616.73,34082173.16,27517983.05,30079813.61,28222516.19
Q8N9Z2,170978352.2,126462429.8,110476053.4,141252208.4,209605018.5,248216818.8,50244282.96,73807320.43,61083155.59,115806525.7,145735994.8,182210959.7
Q9H299,17304846.66,21457694.68,17134634.36,11175864.15,15126588.6,17022289.6,17188981.57,22722559.05,12940733.21,10495431.46,16497507.84,18810266.63
Q14674,754427062.8,694101792.2,899868841.2,744045424.4,641547029.8,792808951,784770058,711195961.9,742008859,758692933.9,679177191,927093049.5
Q7Z3B4,1186023.551,959473.484,,886727.773,1229201.69,1043124.77,1071844.505,1110309.19,1083827.296,811427.873,863417.273,1373017.45
P60174,29277133.92,37584377.77,62373276.84,20738695.88,15299405.66,30851291.62,27093608.7,33448729.34,,23520378.65,25647721.47,53547539.98
Q8NHH1,10536334.97,14861942.06,20182305.88,,12788241.03,17661754.05,9630035.133,12662985.35,23414059.27,9669315.244,23604958.18,21084102.59
Q8N9R6,2158580.099,2766415.134,,1963842.055,3079113.264,2920525.129,2539384.309,1797080.65,2685706.04,2176603.701,2641915.273,2710728.288
Q9BR26,192901445.9,,202041353.7,153572835.8,162344936.6,170924207.6,140912626.7,239966795.4,,210626970.3,151942594.2,130445480.5
Q9Y4I5,30372901.55,,23622832.09,16039075.24,12544552.52,24578711.58,22202055.17,22543696.01,21901142.03,10139195.48,8510279.955,9533712.342
Q9NXP7,25857958.62,21702086.97,26733047.87,12507449.4,14886581.56,15702042.14,26739746.47,,26124880.86,13266616.63,25895507.37,
Q9GZM8,10236071.96,14967770.02,6968502.472,6321774.854,7743886.467,8515090.453,10101441.68,10369969.01,11410853.46,10937837.22,10128869.1,14608811.29
Q9HD40,412418242.5,356360213.5,485941726,739949407.3,661222442.3,1259634628,565817255.8,476467899.5,527591444.8,415339843.8,459410812.3,437397328.8
Q92959,855377884.1,799545403.8,672867150.8,715738037.1,669904306.6,675972660,511171850.3,585205666.8,893692801.7,608176310.5,477208982.4,
O43301,12943057.58,19802273.75,20478347.57,12263777.71,10154988.14,,9267361.786,13674535.72,20862084.94,10290983.19,11981757.88,10172200.66
Q6P9G0,19756492.94,20087081.55,,5719440.001,,6309212.538,13020004.37,13441270.1,23297429.21,15517867.63,17271317.19,16098974.98
P35626,24368964.96,24224471.51,37398846.44,29511725.76,15774294.59,26346328.38,13947150.92,19067621.66,33018938.56,23030835,31922766.69,22912634.11
A6NE01,14685015.7,,,20944713.41,24311858.53,22919483.51,9095500.589,12863720.24,15548948.05,17752583.8,24720993.43,26037134.29
P55286,6861742.798,7362413.11,9991282.631,4772363.145,6790659.505,12831283.75,9273311.169,6829767.186,9230927.601,7005345.164,5951760.537,6736819.352
P05412,6792258.988,5517050.085,4750374.287,6074532.511,,5671662.333,4032366.087,3778843.918,5719820.4,3708459.325,3938070.516,
P52434,,10017437.07,11342188.5,7793085.426,10556844.71,10601664.19,7904839.933,,,13164946.39,8606264.496,9390922.45
P50549,18666587.22,23587665.38,29427153.52,17392047.62,10483327.93,10643184.4,43535897.28,51302802.17,46301996.52,17871223.87,9837428.118,16777356.26
O76087,10585475.71,9672379.643,7380762.833,11975083.18,11793974.37,,,9342748.136,8021980.604,7823678.907,10987270.61,9404577.263
P40189,37964929.83,29289978.9,39519454.33,21203898.11,57306222.44,43287213.88,26044828.83,25557238.82,38020134.41,46343586.96,58018473.42,49529112.27
Q8NA96,28026589.56,25221952.3,29509826.24,18337797.86,27419272.89,36440231.18,11194511.36,9460474.989,13754290.34,35385748.39,24925576.43,21557278.35
Q8WTX7,34408067.42,31530617.66,41297382.76,31958305.84,35071859.52,52148626.22,49651639.59,34052976.25,38736546.14,94383865.16,92081468.46,114590919.4
Q92696,67012223.57,98153621.63,74110189.09,55859636.53,,49200573.93,57840131.35,64395084.05,44174487.65,138036572.6,197316187.7,109415931.5
Q8N0Z2,5794924.69,5786890.374,5773561.329,7052194.714,8121839.661,6631217.272,6313987.47,6554664.963,5534178.318,2452917.97,3354446.676,3444864.19
Q693B1,22475618.45,26111181.7,29254793.57,13854361.88,11282101.26,14407633.97,22348187.07,29683544.99,33658248.48,30138450.83,25196701.36,31198451.2
Q14142,14225327.37,13999093.53,15712988.62,15649907.04,13807355.32,15085577.57,10350628.6,14842739.12,17125940.3,17095012.46,13696529.99,13300256.79
Q53S33,7347794.791,15036678.33,8300173.149,10940823.46,7540789.058,6886161.765,,,8412415.207,9534529.566,12140654.56,11315457.71
Q12887,172779942.9,223914285.1,249803530.6,120877721.6,152553796.1,192293751.7,184829977.7,171092192.2,242161533.8,191405020.5,244478307.7,164692241.7
P10745,15420338.9,10043118.37,9035126.939,14312586.87,15101360.84,17629287.85,14362606.8,11446667.14,15329223.31,11209290.05,15503303.8,14778080.18
Q9UPY5,7152280.384,,9943163.068,9382772.944,,9020670.435,9609016.248,11302190.29,11865596.27,8404600.771,9044450.411,8884745.872
Q9BTM9,3050252.379,2188464.165,2288939.713,3144868.333,2832252.26,3500201.494,,1102521.112,1493110.929,2195369.158,2996455.743,3282204.965
Q01970,13804856.38,9718220.531,5859938.154,,12075237.97,10859834.51,11351057.01,9670328.572,16271181.53,3603525.575,13279426.39,11016360.21
P03891,,724814076.5,,672407735.5,675468840.6,,572468198.5,717516138.3,784628563.6,576191753.9,620485166,862982787.9
E5RJ46,159530253.8,150638413.1,170470486.6,134722049.1,172297030,139125769.5,,,158352200.9,,165138565.7,185156554
P00995,38451333.03,48563601.43,33127877.16,39409018.48,49602589.21,81299375.79,58346497.12,46800520.55,59269735.38,81449338.31,87136891.91,153557623.8
Q9NUU7,16985062.28,25498902.07,32384121.13,22406585.96,18372815.38,31143497.39,11400992.45,24947412.5,32660720.23,23583614.31,26096837.92,24888449.23
O43586,3031333.979,5605446.15,4636138.846,,2471024.226,3126652.726,2197584.111,5706020.913,3312994.041,4512866.854,3775340.724,1720870.44
O00570,12509274.75,14104336.79,7641557.621,4895102.549,10173275.64,9126954.034,10139076.47,4077393.546,5601190.534,5941751.848,8189855.538,6706692.255
P0CJ77,24540593.24,22415350.97,32380165.84,22741084.8,25517528.23,42025356.26,,30493315.01,28370243.63,49548238.96,51893670.23,66193453.99
Q8NBC4,5989496.478,7445134.623,8717296.07,7072391.874,7514082.477,9799320.394,6749955.045,8777584.188,7182904.853,12983314.31,11122420.01,16857599.08
Q8N4M1,1701064478,1689994665,1903024852,1980948611,2123862085,1977893154,1621014319,1577491581,2329114812,4399131557,4862302033,4039094900
A0A2R8Y619,130335646.4,105104327.7,93895484.82,117880354.9,,156529192.1,,128566583.1,149946861.2,147918286.3,129063702.2,140269946.8
Q9H1V8,283928218.5,212388884.8,157791892.7,139830892.8,234982295.7,231435368.3,231612849,,203353433.3,,120609207,82360808.6
Q02413,27677184.46,25661980.98,32130071.32,25656142.49,30561310.91,24775468.39,,28825063.82,25261203.71,25046158.68,29575198.92,26257032.69
Q96GK7,,68330985.26,59904917.6,43029657.27,51720587.02,56429822.12,45351463.89,61619213.59,63225171.8,52781795.52,76458530.21,68166305.56
Q8N823,163273766.8,115694277.9,182736502.1,,75709141.13,84896261.44,137942305.5,215055375.1,229128642.2,221224796.6,142903594,
Q15940,166005597,165180046.3,222730368.6,150480588.4,163183143.8,200059356.4,177676932.9,219603238.8,239480462.4,232262817.9,209028257.8,203891086.7
P68402,3630307.331,5340919.028,4601849.223,5036089.215,6964255.981,7354378.336,4203646.492,6275978.904,3988753.237,7721551.212,5892959.353,5404122.624
Q9N2J8,55260946.73,42466159.18,51360464.42,,55269926.56,43727788.04,25265528.25,17789293.19,23081676.25,,44355088.17,47531525.97
Q5VTL7,7349183.447,4774496.184,8048487.962,5916058.2,,6330501.691,11742857.6,16806001.1,,7541026.861,7239669.722,10805502.89
P15954,9773554.949,17285427.67,28784166.3,10238680.77,24779643.01,41543306.54,28840123.72,,22771794.68,14496533.92,11843937,22603550.76
Q9Y2L8,34488620.06,45996036.44,59674409.46,47054001.92,46130629.79,35538973.6,59654526.07,44148396.92,59640847.28,29534222.27,32184870.75,61668569.57
O14646,15937194.76,18888997.16,17396876.45,45485846.54,56554966.86,53580566.32,16994124.82,15815377.95,20135056.33,34630647.28,37306789.95,31561848.05
Q75VX8,345088235.6,420191985.1,361011918.5,491099072.7,485149583,567405580.6,249843287,328858617.4,317466282.5,311317577.2,416010674.5,351177803.9
Q9Y2C4,,8612849.588,,7000479.077,9909263.197,7706619.204,5182568.302,,,7078031.638,,5275930.346
P61221,13978968.54,15736823.32,14148960.23,,,17202075.92,4977093.333,6120094.321,12382137.69,17960413.89,18579930.38,12322570.79
Q96P70,299738525.8,178767180.6,,207448943.2,291568824.9,187486321.7,223283336.2,219526866.2,249210053.5,,224877862.2,272068662.4
Q96PD6,2942102.933,3824830.939,4978146.263,3108031.494,4249781.272,3708299.351,7163996.841,,7921243.951,1150130.073,2543047.348,
A0A1B0GX68,88472805.4,68894388.58,67431209.49,52403099.96,37487112.46,50969661.88,161655849.8,165855246.8,168903988.4,44880552.57,39742418.22,52628383.25
Q9BQA1,59379246.91,51954923.86,69007471.67,56357548.99,72332551.5,75475384.71,67181660.92,55980788.16,70202070.42,,56026088.06,68877399.22
P33552,14083670.2,14104627.92,,,10642203.74,18080110.92,13765728.86,18182791.64,17581473.62,25879948.53,35569529.48,38539022.02
Q494V2,183339436.7,177400117.3,194055709.7,189960289.3,194594114.3,239365586.8,238911218,352002592.9,179730592.1,70674235.89,111931325.1,85617966.15
Q9H1M3,32009069.21,21049180.04,34970692.92,19779530.97,26554850.3,45600551.27,17540929.9,23571015.6,23457019.78,17959321.7,20038008.02,27772556.82
O14647,566304899.8,509752599.7,1098998685,562379853.4,780626313.6,601239272.5,551443141.6,745261932.1,980097213.1,,462319651.8,618545022.1
P56182,288505191.4,412515021.1,548269875.1,361166691.3,397698706.7,365676202.4,350095264.9,411777859.5,472845751.9,318984001.7,481049850.7,424224697.1
A0A0C4DH24,49599891.59,67054617.22,86748597.95,51206830.25,69550750.4,,45317068.47,116985149.8,73896708.88,47773959.8,60990012.35,77790544.35
Q14654,,96370250.2,,109487186.6,95344290.23,121794592.8,112738505.2,99296121.76,104997996,104553698.8,132872148.2,113496034
A0A0C4DH41,18355532.64,15386153.66,24900126.85,15446980.46,19441709.17,20137297.02,17262255.3,18073780.54,,7482645.571,8112464.501,11173374.69
Q9Y3B8,62570701.42,,75097733.67,40750054.55,51941694.54,72878724.53,48735516.55,65791429.38,46226572.19,49365885.93,75583632.94,62295568.11
P35579,117080966.4,206017645.2,197283455.8,98369495.54,230385118.2,187842898.2,,170856604.7,112200994,108653616.7,,248066636.2
Q9BYZ2,6444897.323,9299321.647,8044921.113,14634450.65,8429125.479,,6923679.736,7798814.208,9460527.166,5979457.216,8142451.68,8572818.894
Q9Y2T6,18844408.66,18627079.75,18716808.47,20773289.47,21027864.8,13243767.15,19595267.28,14894728.57,21722202.84,59391441.99,38139760.24,38652665.16
Q5JRM2,,98516166.87,165990533.8,155590199.3,120857108.3,,137486235.4,92260885.89,,86515306.58,,73200299.62
Q15811,1578320.503,2232906.909,1907794.761,5156464.312,3799132.396,,1897522.27,1989944.047,3427138.061,1305827.988,3423054.586,1748357.604
A8MXK1,11104067.74,11089153.43,22317370.5,7592627.57,19882226.41,15684556.62,11650303.53,9058571.586,14799417.94,14262756.75,12808967.3,18268930.53
Q9GZV7,61629425.38,98816087.14,72182161.49,,49643342.19,65732110.48,56776060.06,69366800.7,71641959.72,53686152.97,43968237.7,62264182.01
P13497,10072577.16,8523415.233,6456701.845,8571275.911,6529875.624,11980758.47,10124961.62,7353550.011,10096719.02,6413454.672,14244042.79,
Q02338,127659246,162261392.5,127722925.8,222255074.7,270986918.1,331710251.3,103155804.4,130248934,110112433.7,135163384.2,103938607.4,125792847
Q6P4F1,30794897.41,35946638.36,34404161.33,30963727.76,56101299.7,45457485.2,,27185073.34,51562365.3,37329245.08,,62041676.81
P0CB38,112949585.6,117451625,110115345.8,91596534.04,114406499.2,111925596,241788571.9,242517620.9,271749873.3,72388039.38,106484195.7,98967873.66
Q4KMQ1,11194425.33,12516409.77,11889279.45,17033897.92,14223117.35,13551846.29,32006305.12,38062712.03,25090278.35,13719396.79,11256476.95,15349545.9
Q9NRD8,121641491.1,73655752.85,106141793.7,150941841.1,100099787.1,142721384,244126652.9,152351684.1,255435768.2,37115824.24,38383990.31,46815325.33
Q96KW2,6408894.62,6200756.123,6434341.896,,,,17030680.23,12354081.42,14157410.08,4577572.281,5110823.245,6758148.55
Q68EN5,48175623.56,85314603.97,61407132.69,147697485.2,142572104.6,256203803.5,45594470.65,80962039.28,66473082.07,52021704.38,70317088.16,91406591.4
Q66K64,4036259.411,7094871.231,7429495.641,5818140.139,4188103.056,6122252.14,5077474.115,5531336.28,5010119.335,3795950.081,5643253.598,6408752.512
Q9P2T0,51137929.99,50879047.11,,44635090.15,55517244.5,71856616.05,53376100.09,60789086.11,55115934.58,53184631.1,68118863.47,54825975.78
Q8TE58,2186049.325,2882356.276,1910891.44,9284980.082,6129323.887,11594181.02,2890491.026,2563452.037,,10403350.69,4618872.333,7825107.033
Q6UWF5,38061325.62,41020509.78,50444040.17,33392489.57,44699964.76,50181189.01,48472526.23,37607790.21,31482331.45,19213514.54,20008624.47,
Q8N9L1,45295187.23,49013766.64,33519786.5,35697388.2,35558066.18,42333834.49,30065870.13,35278302.69,38141998.52,31943110.32,24108968.62,34451563.57
Q5T686,154747394.8,87221980.8,189561141.9,,186200299.7,226892372.3,147092487,147454529.7,103111907.9,102052216,124088979.1,221451465
Q5BJH2,138898808.7,178100489.2,,90984912.76,,132931652.7,135747249.3,148749782.4,200472057.7,152809591.9,124952329.6,250315992
Q9BSJ8,326482123.2,,336690570.9,558698452.3,462967744.8,592651214.6,196376467,265803330.4,391624479.8,264242824.7,273724482.2,336690294.2
P67775,5756540.445,5896874.956,5677475.142,,2362729.773,2974433.573,5316537.19,5415541.958,6084344.752,10865635.46,19815144.53,14596429.93
P21796,4448673.066,2545455.622,3824042.744,2482219.248,4150696.802,6041847.293,5789146.462,2892503.809,4296791.666,3725618.67,,3164827.228
Q9BX70,91302585.08,84776790.76,,61976776.19,48572670.82,66394594.47,99660841.2,71970984.38,99434003.09,,270258359.3,316138231.2
Q8IWA6,,48103494.61,44708425.47,40922224.78,37781771.71,63498197.05,33750798.29,,47810265.51,,,53492332.91
Q53TQ3,16852930.7,10562476.09,12295987.46,11538518.8,16692521.55,10416137.78,14034595.1,18378998.41,,29295956.22,42259248.93,38046788.29
Q8N3A8,35597844.95,38860849.45,,109059687.9,115251740.9,99860336.96,19599212.38,17196871.64,17188194.22,31983643.23,38271914.58,
P19388,41512587.74,,39393922.2,50624670.83,49248972.21,51790850.28,36002568.14,77308410.87,56184848.24,30669307.07,59831374.25,53204871.55
Q9NYK1,8006584.461,12629119.36,10775932.59,,11036129.74,13359500.42,7943124.43,10112290.6,5649228.834,10860065.16,6601296.564,16556329.94
A7E2Y1,276063.55,309762.995,376803.034,270688.912,321580.627,325476.258,251767.904,313213.35,,303992.182,387400.465,320724.96
Q7Z6A9,24614273.26,18259640.6,27939667.2,19184662.75,42409600.6,74559695.01,30055269.37,29772810.72,29944761.84,37095644.24,34202873.9,32545481.54
A0A0B4J238,4193866.29,4503905.991,5642355.549,5029311.944,6648961.962,7197505.228,,987042.353,1425113.784,3029720.61,3386278.068,3741644.44
P02708,42351144.7,45874896.46,42021622.26,46295059.15,61085565.96,50668581.14,37521553.78,47523982.98,65132368.71,31705523.48,43563122.58,60376588.78
Q8WWZ3,36125557.48,32141711.68,25561812.69,33349230.67,32713022.52,26561767.01,,28810852.42,23805147,14854353.42,12460927.37,25814801.92
P56557,9194379.629,10304480.73,10316840.56,,9236935.142,11475590.6,8093783.297,8799926.214,,7246444.728,,11917951.12
O14715,260326157.9,304568796.1,,292146272,278475523.1,,315547101.5,,206847716.1,290886904.4,225893121.9,339106729.5
Q2M2I5,99908654.74,70840852.55,,239206226.3,91409672.37,131546697.8,89906002.41,105771247.8,107372207,79203535.53,46640179.59,131433711.2
Q92544,442385305.9,434630196.3,401617024.7,277214838.9,383085656.2,,383598325.7,313553583.9,,424215484.2,,313286038.4
Q5JU69,9071463.25,11958867.84,10942146.92,8166447.103,,8588993.978,7317992.686,9799252.892,9482347.039,8113075.19,8185659.109,10344458.79
Q8N2X6,17709272.53,13164891.17,7875281.131,,,13151203.08,13574617.48,10211875.01,9253501.918,10353910.61,5216382.649,6359111.764
Q8IZ41,138836882.5,123831274.2,145892493,158193992.8,218826373.1,,118841955.2,117014185.5,163017145.6,151521985,110219027.3,151308272.6
P04156,676648152,687648377.2,865712486.6,486019593.5,716897849.5,728460915.7,681181565.1,732002638.9,685190711.5,727347177.2,721179653.1,846161401.7
Q9Y4X0,35216694.39,40482058.41,56866417.87,38919494.08,32265803.24,43221947.34,37353653,31032453.04,37187538.87,28308269.65,29031800.03,20556939.85
Q86YS6,161230983.3,,295759826.3,252733394.4,230487070,,463242089.3,658734210.5,717380123.6,,258180145.5,269441282.3
P00403,104905266.5,101056317.8,123733570.5,29846307.68,35362213.68,55676056.91,62343519.95,,,,45618642.29,
Q9NZD1,50707606.71,60091631.48,54328467.82,136092939.7,142670261.6,211108538.8,52180963.12,57767078.67,,50634145.77,69422714.79,68626050.23
A2RU49,58053628.25,52904370.5,81614171.34,48876864.86,55212135.85,65751686.22,60585298.85,53400191.87,103194487.2,61848758.01,69846964.22,59449187.63
P56975,23885335.23,21180185.11,26426230.17,23139520.73,26029534.88,22507839.08,36098519.11,37854128.35,,12687580.15,21918441.71,12378669.76
O14618,3487474.527,4400901.824,4278730.08,2972272.934,4803602.985,3684113.109,4024196.54,4185208.039,5595422.772,9172341.74,7876866.609,13366858.46
Q96S53,3001649.224,2139219.974,4589616.458,1992176.878,2233054.991,5139857.873,4063088.547,2418651.126,3256028.742,2783310.85,5104337.999,2965058.803
Q6ZRC1,16278490.83,20089041.6,22384368.89,21895381.19,,20113750.87,24069443.78,19199884.14,21637332.61,12916774.77,16903828.14,15868671.84
Q3B8N2,159895652.2,161767740.9,138394264.2,98647634.44,111717520.2,144344239.4,131291815.3,131948483.6,132712701.6,124751566.4,112808621.1,145545168.9
Q8N6N3,,68412052.62,61123997.6,49399528.59,82091057.27,89161548.75,,113473735.1,73114799.51,,39620464.74,53253547.92
Q96NK8,,4727671.389,8411306.305,,6829064.663,,5347815.355,6814341.295,6711641.634,4563340.124,,6951237.692
Q04771,193301525.1,255386036.1,221626568.9,183031357.8,228723596.9,,185991170.9,304705930.1,270680076.1,203401348.6,335405074.6,229214070.6
O75897,184116209,231470966.8,223920064.9,167943327,219093833.7,239107529.7,166059314.7,221212092.6,213990455.5,137009971.8,182107104.9,227429123.2
Q6UW32,22545473.9,18628965.89,20816934.91,8325538.963,7617274.924,6935971.615,22764919.98,26076565.2,29726291.62,26751358.17,22514601.29,28515545.25
P57060,5694207.776,5943893.247,5945945.126,11337134.91,5703333.32,8236131.135,,5722354.873,7940656.039,7707985.765,8567985.69,4677468.573
Q96DN5,14628100.14,13910250.06,15437710.62,14082784.41,16036303.42,16826306.53,14861745.77,11054167.24,12512000.23,,,15902696.01
Q96DU9,25828417.64,33823068.83,43829870.36,30044325.87,34562455.45,,,36310788.24,53461108.05,31687050.57,28219576.11,38870413.6
A6NFK2,,60863206.76,57385788.01,,40915640.98,45617865.32,35790726.87,40407692.26,50428122.69,53030539.71,39857344.31,38612977.97
Q9H4R4,203657422.3,335122392.4,352177953.9,292924662.1,474503938.4,427594091.7,248279040.7,391444221.3,,260408830.7,,465160228.1
P98170,,,65546219.79,70968639.33,72831069.12,126962489.8,50395656.28,58090188.9,37562255.99,54289145.23,84539808.73,59831368.94
O15144,42522910.42,59307033.84,74670792.37,,62023096.77,69305637.91,57525412.39,61785291.19,,66900387.65,47968018.02,59254872.77
Q6ZS10,,48222858.13,35148635.64,38279875.33,50459568.69,53505388.9,36158196.03,56193784.61,46627195.12,27029225.28,51228168.83,51623982.89
O95759,24650621.04,50232755.15,35136329.47,42173465.03,21930892.52,43898476.68,26499352.77,25880906.01,38404550.13,,44489192.19,34843644.57
P25103,49959989.21,78141155.38,47753985.55,33614773.99,62859562.51,51280603.12,42677303.88,28267176.29,34254887.86,38289828.82,25989813.72,44202954.95
Q86T13,4640979.809,4018814.058,6027039.132,3786939.469,3641138.625,5244252.384,3975891.441,4042010.395,,4705134.552,4933977.107,5473981.447
P82664,12357186.75,12442214.66,20503941.09,6260334.15,8178885.594,6811089.795,12221725.3,9120941.354,22253297.12,10945322.16,10743193.78,
Q96NH3,30270362.18,25968816.64,14269935.78,23509200.79,27067160.04,24064282.81,18179260.5,,25886559.24,13331551.19,16999995.32,15019365.83
Q96CE8,8121584.18,10082865.73,7907929.316,5869111.65,7748518.404,11870849.09,7748183.588,7756938.942,11072382.66,7555187.382,9310338.082,7598059.645
Q9NWV4,499445182.4,474527057.2,516450235.7,,405645595.6,530665700.5,695367145.1,465809377,409650049,455637332.6,452925412.4,429429210.1
Q0P641,2706021.208,2280699.098,3017245.508,3295076.935,4093568.689,,3364244.24,2439392.203,3701796.461,2977117.132,2844900.327,
Q86YV0,13056808.03,17610284.7,27621850.02,20965872.09,19782678.5,15758877.88,17562710.54,16887252.26,,12123897.23,9865967.936,14235615.41
Q9Y6Y1,7332838.206,6817154.516,4532056.975,4968481.454,5316320.748,7639472.226,3319864.588,4350035.206,6149555.341,4658869.701,6475033.08,6978655.286
Q8WXS3,30226308.13,20055853.88,28220403.5,26873979.67,,22507620.47,24504834.86,28705764.78,27953518.14,75143875.62,58037981.63,89335197.13
Q8IUS5,36519810.33,46525280.96,95105275.36,44935879.05,40526747.16,57232758.65,46370575.47,32271852.56,68603509.63,30564689.38,60678048.45,
P31274,15075403.75,13734235.5,15415539.53,12497497.36,16707882.13,18807851.11,9201972.483,16810035.24,,17429446.7,,15017449.62
Q9HD42,30951526.64,46387764.64,56228705.47,41240542.7,57022740.34,70847095.24,33485206.6,40962098.77,39500192.25,52494534.21,31127483.91,36087457.07
Q9Y287,74239883.44,79658322.86,,51386672.14,79337755.95,74586921.44,79382087.95,79217714.8,136444890.8,95335503.7,58760924.86,103880060.1
Q9NTX9,21274382.79,30354907.62,,16043537.02,19848714.09,31910759.88,20026426.1,28119386.94,27312217.29,18231302,21311958.36,20720007.94
Q9BXV9,334118889.5,349827690.1,408097249.7,309387990.5,263424395.5,515053867.8,258131870.6,244382954.4,197085574.7,,443904786.4,602015098.6
Q8N0S2,39793300.43,66418456.08,47893902.23,56285671.69,45935065.62,58992835.13,47632859.69,44189750.45,,36533140.9,70685178.13,63957941.67
Q8IYD8,3368134.048,1661067.134,2735048.847,1878699.718,1841501.062,2888759.668,1695657.095,1574144.796,1415633.274,2293539.673,1454121.253,2558360.495
Q9UJW8,672392434.6,885644629.4,538289605,368218017.1,361840502.1,416385875.2,666578277.9,751139712,,1359897943,1116883865,1785330358
O94901,5280902.806,10989682.09,,3561325.362,8441552.488,4898223.513,6948943.086,8034474.847,6487105.904,5874054.309,12312215.6,7129429.668
O95498,1141385.036,842418.015,1341381.522,842200.554,,1142655.794,1283785.028,993485.422,1113408.358,1096701.454,1370151.118,1241831.93
P36508,262998972.9,272961277.5,348511096.8,220981624.1,180621408.6,268386169.2,221327845.3,247942990.3,243611483.6,204487969.9,239188962.3,285688938.2
P49411,8815254.2,11312437.22,13715789.08,12955574.86,12942633.8,13047346.28,11074099.91,13779595.42,16864614.52,10646420.32,17273555.96,8944703.125
Q96A58,9702451.66,8658281.885,12349681.08,7515298.761,9497137.793,7107478.416,9512810.274,11502496.69,14127654.49,9821942.455,6128764.24,14507239.33
O43186,3119386.216,3265456.786,4109990.288,2986943.843,3163000.249,3443701.105,3701095.733,3660731.946,3138702.887,3621584.894,3242862.566,3141775.786
O95219,6345313.848,4970098.503,4793605.447,6698764.405,4170248.325,,2831370.253,,,4164660.159,2968328.876,4487476.623
A8MWL6,4759527.256,5964516.254,5393968.13,3017236.684,5326530.068,5598690.81,4464565.957,4635175.934,7475636.775,2400907.571,3209520.547,3612719.595
Q9UL42,173746986.9,238939258.4,193553908.6,256916991.3,238380408.9,222616816.3,192926970.7,214859483.6,191332596.7,190350359.3,269438143.2,179430879.1
Q09472,40689028.51,63423322.54,67708015.26,64233191.56,53475086.99,67919670.35,60743248.08,79337144.52,59049398.35,56421364.27,31112617.56,47460999.22
O15370,17762610.64,18614011.74,25787738.25,46725814.38,29784792.76,40086405.41,20072977.72,18999511.67,21974281.07,15979196.16,19065799.64,30341331.25
P11686,82232077.31,101481085.4,130596617,121674077.3,73904603.87,69156480.06,63480669.32,52432720.64,88866568.2,70988679.27,106085351.8,53725542.69
P50336,83547318.7,97813285.32,88512689.39,183598319.3,270085144.4,204420098.3,86854077.01,90967831.7,83184685.7,101331885.5,109771352.8,101572465.7
P48506,118162381.7,117664787.4,157706907.8,199298678,,235527311.9,,118525842.5,98413091.11,,,145167844.1
Q8N729,38640087.21,44844119.31,49663373.89,31064930.1,38030016.83,42218609.52,30060280.93,43887096.71,45408115.12,28595886.73,43297103.39,42476985.06
Q9UJW3,78340262.33,,96144568.6,73859506.16,99692077.37,116559712.3,75094205.06,102198121.9,106829486.9,115603095.1,,98506967.64
Q8TC07,27109193.17,27842876.56,49992901.69,,17714549.86,,32619876.79,,32939969.82,67431266.23,49053992.38,51076755.57
Q6ZUT4,33869616.07,30050266.21,45985076.9,27426545.68,42778211.71,41791928.83,54808734.85,32167661.89,,61255822.05,49877527.28,31359379.12
O00233,327266127.3,525607443.9,507604686.6,346472941.6,297199112.7,333700650.1,630168309.5,568864836,434209714.4,350321486.8,542701228.5,
Q16613,16833864.04,13073458.58,19885763.5,18213988.43,21430039.24,24301529.04,12577684.42,14305372.17,16584750.95,10096550.67,,
Q11130,1997171.544,1880225.57,2333513.785,3489528.535,2640498.431,3980650.691,3059004.947,2851306.547,3197373.34,,2417307.642,2643490.388
P17861,25055505.33,18178179.35,25872864.39,25341375.32,29778031.22,23350912.67,,26152425.34,32788564.85,20882735.82,23889881.38,21194565.26
Q9Y462,242708578.2,238007046.1,264456930.1,182883156.3,226166175.7,164686259.1,,303858475.4,312666485.5,199099372.4,302816230.8,191559799.1
P51617,91764734.14,140349218.5,137958167.9,123634815.7,,143395624.5,78722999.69,212343674.3,81160179.51,105897942.5,138926878,
Q96CU9,3345595.303,4156607.462,2338672.414,4650244.2,5233520.973,5174607.515,3321509.13,4040302.055,5528053.889,3812422.549,3997625.013,4548343.216
A6NP61,175797811.1,158476889.8,180240953.3,137960241,165427330.6,244946886,141837084.6,135383013.8,176606712.2,152845570.4,178410369.3,199689639.1
Q99884,8766260.442,10899735.86,9447068.737,,10588955.55,9162015.087,7864543.133,11322871.19,10535079.84,7161513.273,8846142.254,9476077.628
Q6ZSI9,20491478,24507925.12,23675127.3,20477790.34,19270495.18,22383216.05,9083706.57,9786751.866,11736537.5,17463315.74,,22910986.13
P58417,38183710.76,27464145.32,37669988.54,18083793.79,17442209.81,17564260.96,12632360.65,11701649.01,10115199.26,26985704.86,27843093.53,32109034.41
A6NDE8,38713664.72,,49539421.36,16898459.87,19665602.36,18954929.59,44930423.62,41054800.2,52005178.63,35219964.29,59570691.94,40838084.22
E5RG02,41982187.53,36370338.27,42054940.46,32205271.08,48159851.23,44553629.54,39330464.36,36400473.9,35824495.56,24436360.55,35709522.53,40363445.92
Q7Z3V5,31672359.01,35028051.61,31112251.61,27477148.79,31452730.44,33920942.12,29174987.04,25901058.77,22122509.73,24857777.76,26286208.53,
Q30KR1,19938533.23,20334732.82,22829807.18,13718164.74,25731279.69,16856714.59,19109056.02,15926922.05,18796587.38,18300136,14336967.57,23720269.99
O43837,,19247269.75,24593077.44,,,20611188.38,20176813.71,22950342.75,18070730.46,19756258.64,15505709.94,27608517.42
Q96CG3,39070603.99,82182384.67,60786699.63,54026499.74,54769759.98,55197528.73,38536193.67,46069624.34,61341459.79,34228065.35,26116699.73,29991128.42
Q06830,2852985.412,3242334.652,2677089.477,4544422.817,5758048.639,3811664.983,2311816.611,3427344.071,3813175.585,2943451.471,3515788.393,3491557.958
Q01085,353569375.1,263958021.9,560374873.9,446870308.2,391113073.7,768998621.5,237454948.5,345028989.4,347836945,464386800.2,557165909.8,313526185.2
O15228,40717888.08,67111778.82,59855308.55,48666716.52,60999032,57174827.61,52292163.3,61165806.74,75139369.42,42729052.92,43310590.66,68555866.4
Q76EJ3,137192739.5,185426247.5,212773535.1,162135403.3,,182454351.5,106442685.1,132586666.4,,105734779.9,233747725.9,229997863.3
Q9BY43,285382235.3,243596923.5,274276001.4,178131377.3,272611978.5,269706264.2,178702169.1,343652741.1,210649358.2,136960817,209849312.9,331998415.4
Q8TBX8,9537210.25,8529224.405,9500359.341,,10173896.85,11086063.89,10028266.21,,,10469287.61,10212803.72,13403011.83
P15882,77411807.8,72773316.44,114697109.5,78220104.13,55282865.2,87697047.99,75586592.5,70577891.53,,38349484.39,50333230.81,44927802.47
Q16526,11801176.55,,19234902.12,10486533.08,18782847.42,18440721.7,29906480.43,16583492.66,,19212372.79,10608115.91,12599119.9
Q63HK5,216345283.7,368121117.3,476221932.4,345061284.4,308457543.9,554316122,478018421.5,409693055.1,324531749.3,416703922.6,265809509.8,255125904.9
Q15004,29324980.2,,40163543.27,26728121.14,17072310.61,23976480.97,31408909.39,21205251,22680898.1,24406292.45,25209355.96,31559127.11
Q8TD16,,2356086840,4688165515,3395841439,2067437774,3094650492,3498315262,,2278095646,3034292861,3627898917,2632552925
Q99798,7190834.632,12678856.2,,7335063.309,5393669.064,,10178514.73,4280809.878,9401573.545,8159584.798,9572550.335,8985940.095
O95235,5406571.987,8320196.671,8797945.828,,3474791.206,4894054.871,7399326.472,6396312.789,7507008.694,5723342.988,6411424.661,3582460.783
Q9Y689,3032260.596,3207301.854,3669178.096,3332992.533,3135045.426,2570001.5,2164375.541,,2650245.048,2676580.001,,2577720.851
Q9NYW7,63763591.15,86727475.94,97773942.91,26772389.47,46092145.6,35350062.68,60370977.71,130274094.6,119050685.6,62277200.11,89028190.92,
P0DUX0,,32844305.84,39798816.89,34442985.43,38164035.93,44677149.65,54281790.75,,64550027.01,56644438.86,56168906.39,70884077.82
A6NNW6,96253091.38,120054365.3,129576367,71140059.38,94810611.39,137396799.8,105175134.3,121843492.9,,122389886.4,84841962.83,
Q8TD30,113880884.7,113268264.7,,104874928.1,136547926.9,120711819.4,113401408.5,100714588.1,162811279.8,121004591.8,108645968.1,134355474.1
Q96CK0,129557880.2,104635686.2,134333083.2,63119889.78,163302295.1,157859641.8,129162811.5,196807465.6,173418475.5,156201289.9,153585240.5,109308740.8
Q9UKZ4,7331512.077,6984647.932,8539384.26,8392392.699,9170835.535,8238563.8,6993639.486,9541251.95,10207439.03,7939401.247,6439781.742,7158068.632
Q9UNP4,8732636.894,10863868.23,14689174.74,9068568.768,6259666.484,9013969.858,7361435.045,11664726.52,7295240.186,8631157.28,9025263.326,
Q9Y5G4,10891401.53,17424092.06,13210704.06,10740500.89,11683414.19,17349486.06,10152334.24,13749718.58,11994553.52,,10288930.26,19188323.85
Q9P2Y5,28719160.51,33013755.58,31062092.29,29179391.36,37383539.82,37538084.57,52713036.13,19213590.51,33201733.35,29625619.53,47230176.4,37664593.46
Q8N7Q2,49493000.51,54745579.1,70009204.82,54895629.05,64816659.72,48294985.95,28058429.86,21434755.81,,,54463672.99,47614732.8
Q9UMR2,81561174.45,68992885.92,134536509.6,,68099760.73,,77879259.88,83842703.36,107801528.5,177184933.4,256619402.2,223776732.6
P16444,48324532.8,66179207.33,64402506.28,66271820.41,69109103.33,93249820.99,86929092.74,,,65077607.6,65970891.23,144917957.6
P0CG00,46871702.04,82988055.12,126412756.9,92132334.13,64539537.86,96265085.6,70061239.2,84512186.46,106472617.1,,86938805.05,79600275.44
Q53RE8,65441115.64,131253344.7,85151312.45,71666836.57,73605543.32,,81466328.44,72499669.71,68477050.55,70894857.64,,89181775.15
O95948,14649208.7,20545699.81,21260163.82,,11211660.37,12989543.22,,15313937.71,17405141.54,13260661.81,21603692.78,18691836.91
O15379,,11448114.2,15514479.51,7895133.332,8193268.967,9379994.789,9649319.114,11714659.46,12595726.38,6470388.094,11651166.28,14031629.46
O95567,,46216238.29,62649016.09,62141424.38,44002206.49,32190723.71,42730934.62,,,43860473.86,24523486.46,36191201.29
O00763,17480515.99,18467115.21,20352198.99,22371836.61,22350528.62,22249808.69,17557601.75,19438423.46,18856144.08,19849454.84,22081414.3,23896522.03
P63131,6962663.853,,,1863614.236,4584237.644,4920249.134,6779523.322,,6029351.001,9845572.124,6601486.942,10001735.71
Q8IVI9,253137724.9,216155735.1,415196355.7,184817645.7,,221414130.2,,262572951.7,280348098.9,351549482.6,266735957.9,273298388.7
Q13268,,2431087.688,,2455656.659,2865351.136,3400697.73,2744957.598,2027604.537,3835935.385,2116934.393,3428946.868,2782095.547
Q17RP2,217889662.8,223985888.5,287639335.3,251767037.2,516076010.1,272542326.2,177364918.5,251208619.9,338055755.1,201613799.6,,285222151.8
P51864,76625180.27,78919044.66,74230953.36,82237318.45,54550157.22,37130666.44,66544563.65,90692491.66,61783498.58,47705282.31,57942871.53,46902964.42
Q9NP99,122123940.9,165516361.5,151857986.4,121080836.3,,197932114.3,,189441672.4,169491917,144927241.1,184196713.2,
Q96A59,35323096.82,59420214.27,34735863.14,74435915.47,62951234.19,39124825.95,31761984.93,67727640.14,46157074.62,45138855.55,39223499.03,43137642.45
P50221,24970809.47,24718977.35,21036228.21,28751694.15,26461566.54,23197964.97,24066937.17,17578697.27,39601391.21,20732383.41,19458852.46,30552114.17
Q8TB69,14337840.98,14834295.11,17818773.08,,17173224.05,13049256.12,14055728.86,14719874.17,13414716.92,40454090.17,38219347.47,42767398.74
Q9NS71,12152635.45,10388924.01,12055674.91,9541075.153,11700177.69,,8950817.275,12227518.8,10802080.26,8522124.772,,9221391.82
Q9UII6,17009598.08,,17197543.98,13825300.59,14952501.15,17047583.84,13019036.21,12132549.77,12839809.23,15407349.3,16212992.94,14717583.27
Q9UPQ7,,116713641.6,131342054.6,75609453.08,149075408.3,115987441.1,95558562.79,134127693,98274184.27,88094758.99,88172599.08,119235483.7
O43307,438917420.4,464298835.1,,414796344.6,496736919,666764964.7,376745648.9,479173745.3,300567293,,494365304.2,436797736
Q8TD17,5833495.284,6158754.241,11547451.4,5648864.69,5377201.517,7163532.648,4728776.957,6248470.078,6818166.803,2843320.401,2521745.012,3338305.957
C9J069,,9175162.873,8569703.952,19104123,14473713.23,20430434.68,5400612.371,,7595890.553,8051532.072,5095799.385,7699903.213
Q9UNQ2,110321261.5,133991304.7,103850806.1,99031442.37,111761582.8,108408427.9,110984334,101068281.5,112297588.2,104890266.1,122711972.7,
Q07954,31071964.09,25261706.31,46686870.4,32405508.69,33818999.22,56046209.34,29610013.95,42851962.59,60572783.59,45486859.24,29144361.91,31721164.09
Q15546,45037876.29,72761728.59,56277783.21,49698925.09,41716392.88,,49375492.72,61194710.21,50246100.09,43414186.21,49956634.04,58455521.97
Q96IS3,12243602.32,17494748.39,17744916.33,43044021.22,47365269.6,52336369.95,14762357.71,,20824758.39,12498538.34,10407154.01,17082531.96
P54792,48557326.58,43929025.7,39067903.17,55132533.7,,46007862.98,47676704.1,51456340.41,53097265.47,38714814.48,52585830.41,68038499
P41223,163328996.7,207025287.1,165909386.1,160971195.6,,,112644107.6,163659818,182874165.9,142883015.5,172724633.5,137921686.8
O15020,4199662.211,,5661728.727,,1456592.879,2120635.49,4795493.383,4526396.168,4125275.723,6709953.21,4855253.052,
O60711,4548156.209,,5959076.571,6395921.304,3564012.165,6245397.473,4486128.04,4382422.945,6338499.204,3716405.941,6842964.143,5518953.337
P13995,40922536.73,63532050.74,,43191023.49,39483116.33,54654287.83,65851330.99,69734759.59,60519479.04,48865955.35,43347375.6,87827151.03
Q9H3J6,281367478,234796726.5,288393633.7,235167486.6,319969897,343136949.7,245650933.2,242070592.7,256866849.4,243890840,252855623,252169705.1
Q9NRP2,14462885.74,15350606.27,,14772278.76,14578304.41,17424973.52,13028961.08,11982822.94,12752156.84,10342970.67,12492869.66,14576395.99
Q86XI6,14679018.29,17949434.91,18813731.74,12528928.68,,18143476.91,9060370.882,7807722.848,8450077.068,5607284.929,7293328.782,7683607.228
Q8WUX9,31107815.61,32575602.23,34917405.42,27039520.9,30501228.04,29149307.14,,26748082.13,41777301.57,25155478.28,52075713.32,51697517.8
O75783,17575680.76,13336494.51,15363740.38,12013644.35,12268009.12,17628610.44,12838740.25,15804039.31,20055662.43,21297946.37,13108222.26,24501226.49
Q5TGY3,2737991.863,3655345.246,3828014.528,,,,3249994.736,2309131.029,4167617.403,2759160.149,3017163.175,3111522.416
Q502W6,15326919.25,27114225.62,30239510.18,42915626.11,45073554.02,66868741.96,24022814.01,23228717.3,27038031.91,10091021.59,8843090.18,8009238.467
Q9Y5J6,598227841.6,626450145.8,814247696.2,691345282.4,895808850.2,669577604.3,602154549.1,657818922,650436682.2,394117671.2,665697377.2,596965003.5
P24855,12718831.9,15758832.98,20625654.54,14058864.73,12432464.98,17944781.02,,35057323.52,30424185.18,,15909013.55,11263046.26
Q9H6S3,803079380.2,,624077450.5,548705152.1,657750684.3,735991932.1,528444140.2,1388424040,841595091.3,462928469.1,419864835,648192037.6
Q9H3W5,182599377.8,258135052.3,338577443.3,237138267.4,284013579.4,226671118.2,241141207.3,366389649.1,256717774,317605047.2,,189620063.8
P98174,491359551,381264145,,521709224,441835281.8,569256619.8,511350504.9,439129324.6,339913852.7,405994356.5,414616515.2,316173737.5
P18846,18403039.44,,27025106.39,21244455.38,,29431205.65,19328549.31,19198980.64,19078238.42,20442389.47,22583224,21645076.17
Q9GZV9,47584151.86,36699415.16,41019282.35,39979214.22,50248714.88,44061308.55,35599093.76,,45077210.56,40619075.43,46575144.05,
Q5JZY3,6149442.501,6769827.1,8780543.928,5665795.869,6025858.723,6923406.654,6809873.799,6668511.374,5911445.031,6885860.936,,6413139.04
Q9GZT4,78994978.12,81674079.09,83795052.94,53376075.64,74225977.55,60891830.96,84721442.26,88932474.56,82286542.71,90068355.88,110209264,74268992.2
Q02297,43339708.35,35806164.05,31561863.97,,37474090.24,39345512.95,27736077.38,33050478.47,35248159.95,26873112.09,34246918.81,34524724.44
P20718,,14937335.33,21637896,12980807.92,14706518.77,19813646.38,25888107.16,20923970.12,,15206922.65,17330578.23,26718533.81
Q9UKJ5,156048571.7,179218683.9,223627012.2,185534515.8,283983140.1,187864395,201736412.4,291744286,156902414.5,47611062.85,44479636.77,55401455.87
Q15053,35403010.65,34343855.63,34051045.24,40405920.44,34687603.43,,47102413.66,32128314.54,43137972.24,35893758.02,27709739.49,27688498.87
P02458,3116803.874,,2854126.622,2956505.019,2539900.716,4009149.143,1764674.255,2574559.001,3151021.156,2211266.338,3447934.273,3862972.086
Q13435,51320110.04,,59509769.22,64182443.9,57358387.7,72624985.9,65559229.25,57846400.42,,49595369.07,61157766.74,
P30566,115418638.6,82999128.9,64928590.4,81501566.47,93289207.16,99867862.33,80280107.26,94448215.39,107599313.4,105153325.9,71355204.93,93920010.8
Q96T21,16065819.68,22774734.63,23875085.8,20012984.62,18066256.14,25613374.76,15043482.55,20104521.61,24832631.8,32232416.89,29202457.74,19665636.19
O00186,359441306.3,277914917.9,,338085933.5,,395805862.8,278366468.6,398852381,436080584.3,162851937.6,193077848.7,191792268.1
D3W0D1,,15131947.02,16307332.1,,13129657.72,17092502.94,29507390.31,27863704.18,29706133.52,11381269.55,13327399.28,11265458.21
Q9NP66,,28508182.63,29562923.95,,21626422.95,29331970.74,,24474783.84,35835896.33,28426811.71,21094825.45,31465488.97
O00321,,8707388.82,14756597.44,,15510564.69,8409106.308,12024545.13,8662877.797,11216859.55,10234357.5,7886320.835,8725570.533
O60879,92927108.03,73348280.16,96063488.58,73906197.34,,,93765745.29,70239850.86,94534511.98,,67705748.71,81526026.35
O96014,13569005.73,12271124.04,10838687.77,10316879.99,9424737.8,12063247.01,13442952.2,16319867.72,13000171.31,13929540.3,14402828.92,11664224.65
Q9ULJ8,149794642,75564304.95,80003920.47,180065495.8,194620736,255958307.8,143491010.6,,,307880724.3,268495498.9,332153205.7
P51157,22265716.67,19742691.6,15850100.37,29918333,18149379.26,34261826.42,17649237.38,15813970.56,23462146.88,27724144.63,42395795.28,
P23743,222587773.7,284600103.9,230180479.6,350899355.7,269717726.4,,,341440807.8,234620242.3,248252719.5,251804237.5,
P09683,3643427.944,2281386.648,4544266.719,3680512.732,2534401.89,2243211.084,2207233.75,1438775.511,1457997.687,2192276.41,3717113.805,3446850.159
P47900,10854598.41,,12930256.33,17600827.97,14264397.47,17784807.35,19191622.34,19687648.49,21917119.97,18592583.61,13941150.45,17620424.32
Q96Q77,,,,41628480.88,76287010.05,62721176.46,66229730.63,61985859.63,38133053.28,67201819.74,70485814.8,56214491.6
Q8IVB4,,553552090.2,617024782.4,640980974.9,514873120,513351419.4,,,573466317.2,683784775.5,499413968.9,645985799.6
Q04912,21295506.74,,24832586.27,,24079391.24,24907395.22,18450986.81,25533365.73,36073379.72,20970079.81,27987670.93,23960983.39
Q15109,,44635227.63,29698184.18,16121819.53,11845292.16,14102058.43,29548370.56,25845570.53,29841963.86,38256277.68,19877305.05,20918900.61
Q13361,36410299.59,37539723.68,,52966345.6,58529846.84,,38361566.04,46920930.63,76738093.96,,64175685.29,43072194.57
O76001,28117819.58,29811491.12,32326563.19,32674345.09,32453153.37,,27835015.99,33131652.67,32335549.68,28202345.96,22064884.94,
Q9Y493,64942114.46,76878593.67,81778603.11,81214446.81,71133379.62,81884606.03,67356982.23,69497373.7,71018129.29,71625795.22,76368118.05,62835750.09
P08708,162890455.3,265000178.9,293749446,194897657.9,,273599182.4,256295580.7,394759211.8,302338979.2,295515380.2,263905726.7,271010419.5
Q12767,7789645.515,13438227.79,14913667.39,13581832.21,12016273.98,19611642.81,,14159749.26,14775841.95,15037493.07,8127452.403,20075499.28
O75290,8622683.068,10226158.42,12624346.32,9457070.794,,9802342.052,,10282714.63,14621667.79,14176169.63,10939427.32,12464485.16
O60237,102897579.3,113243915,125262816.9,33993839.04,34962767.91,64444010.63,62738416.86,64540438.35,149093303,238263818.1,166375974.1,277937241.8
Q5T7W7,65669936.75,53745265.99,78663634.12,,103096679.1,104826962,,63421291.83,69985551.53,69487211.47,83491162.97,102214477.4
Q16772,38355526.7,39211322.76,45026473.87,88272774.57,107404013.2,110476381.7,,51329488.45,47837515.36,41278356.59,51966536.08,45177581.69
Q8WV41,43188417.42,44691336.39,52625440.05,43223775.49,48413238.56,54805474.63,48417358.67,,55180668.12,,71123170.45,48795863.69
Q8N1L1,70431117.02,140661753.3,99478935.28,72500648.93,120348852.9,74118574.12,66597246.35,120108723.3,102082859.6,,88463148.63,101930113.6
Q969I6,17443460.02,27829581.31,16377466.74,66736432.99,67071334.21,70642123.3,14721699.92,,19692653.42,15891221.83,16270044.99,21442400.2
A0A0A6YYK6,10301200.79,12909132.28,22650568.23,17028862.73,13931780.31,13972977.98,11386180.22,15866052.92,12961541.82,10456930.2,19414222.72,17845126.45
Q9BRJ6,1910994.224,2570761.585,2361762.292,,2118388.677,2765542.766,5460960.871,6302629.646,6303504.644,,1848543.357,2419219.8
Q8NFA2,28084958.22,32984280.37,33783173.78,39149098.83,33127845.65,39039944.75,32310061.73,34705241.5,44595013.51,40795569.48,39220296.1,46569228.28
Q496Y0,27301879.35,25977983.4,42997981.22,30648599.08,38154729.93,45190266.23,22837280.64,35247123.87,44202810.98,26786622.1,31168817.9,29703483.99
O14807,1596362244,1868068101,2619572848,615580744.3,932505540.6,1336663137,1845674606,2380352397,2156791055,1926144888,2655894855,1944702021
O00629,51768971.91,29308524.56,33795230.58,40110581.52,55421117.86,32080380.78,48170215.86,38711258.76,32091501.56,29230453.75,95044670.17,
Q06587,239238556.3,,,243435667.8,235707518.9,260455047.5,266129088.8,276741228.1,256660471.1,335226411.4,274501550.1,318877318.6
Q9UBR2,87277241.12,86101949.82,,112882160.5,171763300.8,175284393.4,86358880.26,100983570,145159379.5,,111012539.4,130125104.1
Q9Y5T5,20983955.76,21422991.69,15784869.99,,24957691.01,16700325.49,25105051.56,24470158.79,30007235.24,23741894.76,17418510.97,21055811.52
P12074,1379182345,1488830711,1072061118,1739428241,1506879842,,1409617867,2008440070,1946814307,1903999745,1317116159,2462445189
Q6UXS9,144167348.5,198125629,204928932.1,155099474.7,215915231.5,187646994.1,231039263.8,150214959.6,282678259,162969059.2,181678974.9,245194935.6
Q04837,17466199.98,16582915.51,,14157768.02,20232205.04,20369820.88,,20881466.54,26152931.47,,,28197689.52
P06127,6830860.231,6317513.11,,5210513.383,,7980317.717,5743131.976,9508904.611,8187872.122,6109223.975,7286381.089,7327786.852
Q8WWI5,5393027.681,6978469.464,5682366.036,4366340.566,,8083780.886,6924712.619,6196432.03,8089748.868,5432006.752,6281314.05,5656778.251
Q96C86,50856999.4,69486023.77,76595941.65,53146201.69,51370531.85,53743594.07,42816777.32,,,42243668.32,34027604.07,62718285.62
P83369,3226061.367,2928262.014,2837903.106,380429.218,1131068.344,,2920015.657,2464136.195,1878662.001,1884837.243,3435623.251,2838274.906
O14756,,16419856.03,28635329.91,19441220.1,16221444.98,20824664.25,27975834.9,25918907.98,21212903.57,53560749.72,39335201.75,61667324.26
Q92835,96017725.46,95994226.43,,,319158492.2,,,87130225.93,149560156.5,80277663.58,75952464.66,
Q8TCW7,14728640.41,16023596.35,,16701342.95,16014915.99,,16775555.96,18570348.89,,12673071.82,14490561.43,12502362.42
O43687,35656732.6,41174156.55,36824186.9,80753143.08,71623790.53,80310328.17,60128772.3,88878119.17,85106252.89,37337197.02,32138349.75,53444021.12
Q9UBY0,43422793.51,29747628.23,34429944.17,48921184.18,40164557.31,25297529.23,25804882.94,40311433.87,39076810.06,53777515.65,33075515.68,
Q5M8T2,24335505.33,29574735.78,42130486.34,31592829.59,,,39969992.02,14408626.03,31787411.42,35466994.63,33258873.87,51990527.31
Q9Y3C4,18892418.71,21494663.78,27640627.32,15145533.4,18594577.69,24824928.74,24138396.28,21147430.27,15474109.15,60122750.28,81245210.98,90470103.03
Q9NY25,66464466.39,60842233.84,77559988.91,65657061.11,72043453.34,66060278.12,,54417700.89,98285938.61,64453739.74,82424312.34,105599855.6